,RankA0,RankP0,RankA1,RankP1,RankA2,RankP2,RankA3,RankP3,RankA4,RankP4,RankA5,RankP5,RankA6,RankP6,RankA7,RankP7
1,University of Illinois at Chicago,Universidade Federal do Amazonas,University of Massachusetts Amherst,Universidade Federal do Amazonas,University of Massachusetts Amherst,University of Massachusetts Amherst,University of Massachusetts Amherst,University of Massachusetts Amherst,University of Massachusetts Amherst,Universidade Federal do Amazonas,University of Massachusetts Amherst,Universidade Federal do Amazonas,University of Massachusetts Amherst,University of Massachusetts Amherst,University of Massachusetts Amherst,University of Massachusetts Amherst
2,University of Massachusetts Amherst,University of Massachusetts Amherst,University of Illinois at Chicago,University of Massachusetts Amherst,Lehigh University,Lehigh University,Lehigh University,Lehigh University,University of Illinois at Chicago,University of Massachusetts Amherst,University of Illinois at Chicago,University of Massachusetts Amherst,University of Illinois at Chicago,Lehigh University,University of Illinois at Chicago,Lehigh University
3,University of Illinois at Urbana-Champaign,Lehigh University,Florida International University,Lehigh University,University of Illinois at Chicago,Northeastern University,University of Illinois at Chicago,University of Iowa,Florida International University,Lehigh University,Florida International University,Lehigh University,Lehigh University,Northeastern University,Florida International University,University of Illinois at Chicago
4,Florida International University,University of Illinois at Chicago,University of Illinois at Urbana-Champaign,University of Illinois at Chicago,Florida International University,Illinois Institute of Technology,University of Illinois at Urbana-Champaign,Universidade Federal de Minas Gerais,University of Illinois at Urbana-Champaign,University of Illinois at Chicago,University of Illinois at Urbana-Champaign,University of Illinois at Chicago,Florida International University,Universidade Federal de Minas Gerais,Lehigh University,Universidade Federal de Minas Gerais
5,Carnegie Mellon University,Universidade Federal de Minas Gerais,Lehigh University,Universidade Federal de Minas Gerais,University of Illinois at Urbana-Champaign,University of Iowa,Virginia Polytechnic Institute and State University,State University of New York at Albany,Lehigh University,Universidade Federal de Minas Gerais,Carnegie Mellon University,Universidade Federal de Minas Gerais,University of Illinois at Urbana-Champaign,University of Illinois at Chicago,University of Illinois at Urbana-Champaign,Florida International University
6,Arizona State University,Florida International University,Carnegie Mellon University,Florida International University,Illinois Institute of Technology,Universidade Federal de Minas Gerais,Florida International University,Universidade Federal do Amazonas,Carnegie Mellon University,Florida International University,Arizona State University,Florida International University,Illinois Institute of Technology,Florida International University,Purdue University Main Campus,Northeastern University
7,Stanford University,University of Rochester,Arizona State University,Oregon Health and Science University,Northeastern University,Universidade Federal do Amazonas,Illinois Institute of Technology,Northeastern University,Arizona State University,Oregon Health and Science University,Lehigh University,Northeastern University,Northeastern University,Illinois Institute of Technology,Virginia Polytechnic Institute and State University,Illinois Institute of Technology
8,Lehigh University,Northeastern University,Stanford University,Northeastern University,Virginia Polytechnic Institute and State University,State University of New York at Albany,University of Iowa,Illinois Institute of Technology,Stanford University,Northeastern University,Stanford University,University of Iowa,Virginia Polytechnic Institute and State University,Universidade Federal do Amazonas,Illinois Institute of Technology,Universidade Federal do Amazonas
9,University of Minnesota-Twin Cities,University of Illinois at Urbana-Champaign,Purdue University Main Campus,State University of New York at Albany,Purdue University Main Campus,Florida International University,University of Louisiana at Lafayette,University of Louisiana at Lafayette,Purdue University Main Campus,University of Iowa,University of Minnesota-Twin Cities,State University of New York at Albany,Purdue University Main Campus,University of Iowa,Carnegie Mellon University,University of Iowa
10,University of California-Berkeley,Illinois Institute of Technology,University of Minnesota-Twin Cities,University of Iowa,University of Iowa,University of Illinois at Chicago,Northeastern University,Virginia Polytechnic Institute and State University,University of Minnesota-Twin Cities,State University of New York at Albany,Cornell University,University of Rochester,Universidade Federal de Minas Gerais,Virginia Polytechnic Institute and State University,Northeastern University,University of Illinois at Urbana-Champaign
11,University of California-Santa Barbara,State University of New York at Albany,University of California-Santa Barbara,Louisiana State University and Agricultural and Mechanical College,Universidade Federal de Minas Gerais,University of Louisiana at Lafayette,State University of New York at Albany,University of Arkansas Main Campus,University of California-Santa Barbara,Louisiana State University and Agricultural and Mechanical College,Purdue University Main Campus,Illinois Institute of Technology,Old Dominion University,University of Illinois at Urbana-Champaign,Universidade Federal de Minas Gerais,Virginia Polytechnic Institute and State University
12,Cornell University,Oregon Health and Science University,Columbia University In The City of New York,Illinois Institute of Technology,University of Louisiana at Lafayette,Virginia Polytechnic Institute and State University,Universidade Federal de Minas Gerais,University of Illinois at Chicago,Columbia University In The City of New York,Illinois Institute of Technology,University of California-Santa Barbara,Oregon Health and Science University,Carnegie Mellon University,University of Louisiana at Lafayette,Arizona State University,University of Louisiana at Lafayette
13,University of California-Los Angeles,Louisiana State University and Agricultural and Mechanical College,Old Dominion University,University of Rochester,State University of New York at Albany,University of Illinois at Urbana-Champaign,Purdue University Main Campus,Florida International University,Universidade Federal de Minas Gerais,University of Rochester,Columbia University In The City of New York,Louisiana State University and Agricultural and Mechanical College,University of Louisiana at Lafayette,State University of New York at Albany,Stanford University,University of Arkansas Main Campus
14,Columbia University In The City of New York,University of Iowa,Universidade Federal de Minas Gerais,University of Louisiana at Lafayette,Michigan State University,Purdue University Main Campus,Louisiana State University and Agricultural and Mechanical College,University of Illinois at Urbana-Champaign,Old Dominion University,University of Louisiana at Lafayette,University of Southern California,University of Illinois at Urbana-Champaign,University of Iowa,University of Arkansas Main Campus,University of Minnesota-Twin Cities,State University of New York at Albany
15,University of Southern California,University of Louisiana at Lafayette,State University of New York at Buffalo,University of Illinois at Urbana-Champaign,Carnegie Mellon University,University of Arkansas Main Campus,Old Dominion University,Louisiana State University and Agricultural and Mechanical College,Cornell University,University of Illinois at Urbana-Champaign,University of Rochester,University of Louisiana at Lafayette,Michigan State University,Purdue University Main Campus,Old Dominion University,Purdue University Main Campus
16,Purdue University Main Campus,Virginia Polytechnic Institute and State University,Cornell University,Virginia Polytechnic Institute and State University,Columbia University In The City of New York,University of South Carolina Columbia,State University of New York at Buffalo,Purdue University Main Campus,Virginia Polytechnic Institute and State University,Virginia Polytechnic Institute and State University,State University of New York at Buffalo,University of Maryland Baltimore County,Columbia University In The City of New York,Old Dominion University,Cornell University,Louisiana State University and Agricultural and Mechanical College
17,State University of New York at Buffalo,Arizona State University,Virginia Polytechnic Institute and State University,University of Arkansas Main Campus,Cornell University,Louisiana State University and Agricultural and Mechanical College,Michigan State University,University of South Carolina Columbia,State University of New York at Buffalo,University of Arkansas Main Campus,University of California-Berkeley,Virginia Polytechnic Institute and State University,Cornell University,University of Kansas,Columbia University In The City of New York,Old Dominion University
18,University of Rochester,University of Maryland Baltimore County,University of Rochester,University of Maryland Baltimore County,State University of New York at Buffalo,Michigan State University,Carnegie Mellon University,Old Dominion University,University of Rochester,University of Maryland Baltimore County,Case Western Reserve University,University of Arkansas Main Campus,University of California-Santa Barbara,Louisiana State University and Agricultural and Mechanical College,University of California-Santa Barbara,University of Maryland Baltimore County
19,University of California-Irvine,Carnegie Mellon University,Case Western Reserve University,Old Dominion University,Old Dominion University,University of Rochester,Cornell University,Michigan State University,Louisiana State University and Agricultural and Mechanical College,Old Dominion University,Universidade Federal de Minas Gerais,Arizona State University,University of Maryland Baltimore County,University of Maryland Baltimore County,University of Louisiana at Lafayette,University of South Carolina Columbia
20,University of California-Riverside,State University of New York at Binghamton,University of Southern California,University of Kansas,Louisiana State University and Agricultural and Mechanical College,University of Kansas,University of Arkansas Main Campus,University of Kansas,Case Western Reserve University,University of Kansas,University of California-Los Angeles,University of Kansas,State University of New York at Albany,Michigan State University,State University of New York at Buffalo,Michigan State University
21,Case Western Reserve University,Purdue University Main Campus,Louisiana State University and Agricultural and Mechanical College,Brandeis University,University of Rochester,Old Dominion University,Columbia University In The City of New York,University of Rochester,University of Southern California,Brandeis University,Old Dominion University,Carnegie Mellon University,Arizona State University,University of South Carolina Columbia,Michigan State University,University of Kansas
22,University of Maryland College Park,Old Dominion University,University of California-Berkeley,University of South Carolina Columbia,University of California-Berkeley,University of Maryland Baltimore County,University of Maryland College Park,University of Maryland Baltimore County,University of California-Berkeley,University of South Carolina Columbia,University of California-Riverside,Old Dominion University,University of Minnesota-Twin Cities,University of Rochester,University of Iowa,University of Rochester
23,Old Dominion University,University of Southern California,Illinois Institute of Technology,Purdue University Main Campus,Stanford University,Columbia University In The City of New York,University of South Carolina Columbia,State University of New York at Buffalo,Illinois Institute of Technology,Purdue University Main Campus,Virginia Polytechnic Institute and State University,Purdue University Main Campus,Stanford University,Texas A & M University,University of California-Berkeley,Carnegie Mellon University
24,Virginia Polytechnic Institute and State University,University of Minnesota-Twin Cities,University of California-Riverside,State University of New York at Binghamton,University of Michigan-Ann Arbor,Carnegie Mellon University,University of California-Berkeley,Columbia University In The City of New York,University of California-Riverside,State University of New York at Binghamton,University of Maryland College Park,State University of New York at Binghamton,Northwestern University,Carnegie Mellon University,Case Western Reserve University,University of Minnesota-Twin Cities
25,Universidade Federal de Minas Gerais,Brandeis University,University of Maryland College Park,Arizona State University,University of South Carolina Columbia,Cornell University,University of Rochester,Cornell University,University of Maryland College Park,Arizona State University,Illinois Institute of Technology,University of South Carolina Columbia,Case Western Reserve University,Columbia University In The City of New York,University of Maryland Baltimore County,Arizona State University
26,University of Michigan-Ann Arbor,University of South Carolina Columbia,University of California-Los Angeles,Carnegie Mellon University,University of Texas at Dallas,University of Michigan-Ann Arbor,University of Texas at Dallas,Carnegie Mellon University,University of Louisiana at Lafayette,Carnegie Mellon University,Georgia Institute of Technology,University of Southern California,Louisiana State University and Agricultural and Mechanical College,Northwestern University,Louisiana State University and Agricultural and Mechanical College,Texas A & M University
27,Georgia Institute of Technology,University of Kansas,University of Louisiana at Lafayette,University of Alabama at Birmingham,University of Maryland Baltimore County,State University of New York at Buffalo,Stanford University,University of Texas at Dallas,University of California-Los Angeles,Wright State University Main Campus,University of Michigan-Ann Arbor,Wright State University Main Campus,State University of New York at Buffalo,New Jersey Institute of Technology,Northwestern University,Columbia University In The City of New York
28,Northwestern University,University of Arkansas Main Campus,Northeastern University,Wright State University Main Campus,University of Arkansas Main Campus,University of Texas at Dallas,University of Maryland Baltimore County,University of Colorado at Boulder,Northeastern University,University of Alabama at Birmingham,University of California-Irvine,Brandeis University,University of California-Berkeley,Cornell University,University of California-Los Angeles,Cornell University
29,University of Texas at Austin,Wright State University Main Campus,Georgia Institute of Technology,University of Southern California,Northwestern University,Northwestern University,Universidade Federal do Amazonas,University of Michigan-Ann Arbor,Georgia Institute of Technology,University of Southern California,Louisiana State University and Agricultural and Mechanical College,University of Minnesota-Twin Cities,Georgia Institute of Technology,University of Michigan-Ann Arbor,Georgia Institute of Technology,Northwestern University
30,State University of New York at Binghamton,Michigan State University,Northwestern University,University of Minnesota-Twin Cities,University of Maryland College Park,University of California-Berkeley,University of Michigan-Ann Arbor,University of Maryland College Park,University of Michigan-Ann Arbor,University of Minnesota-Twin Cities,Northwestern University,Michigan State University,Texas A & M University,Georgia Institute of Technology,University of California-Irvine,New Jersey Institute of Technology
31,Michigan State University,Rensselaer Polytechnic Institute,University of Michigan-Ann Arbor,Michigan State University,Universidade Federal do Amazonas,University of Utah,University of Minnesota-Twin Cities,Texas A & M University,Northwestern University,Michigan State University,Northeastern University,Rensselaer Polytechnic Institute,University of Rochester,University of Minnesota-Twin Cities,University of Michigan-Ann Arbor,University of Michigan-Ann Arbor
32,Louisiana State University and Agricultural and Mechanical College,University of Michigan-Ann Arbor,University of Maryland Baltimore County,Texas A & M University,Georgia Institute of Technology,University of North Carolina at Charlotte,Case Western Reserve University,Oregon Health and Science University,University of Maryland Baltimore County,Texas A & M University,University of Maryland Baltimore County,University of Michigan-Ann Arbor,University of Arkansas Main Campus,Case Western Reserve University,University of Maryland College Park,Wright State University Main Campus
33,University of Maryland Baltimore County,Columbia University In The City of New York,State University of New York at Binghamton,Columbia University In The City of New York,University of Minnesota-Twin Cities,Texas A & M University,Georgia Institute of Technology,University of California-Berkeley,State University of New York at Binghamton,Columbia University In The City of New York,State University of New York at Binghamton,Texas A & M University,University of Michigan-Ann Arbor,University of Houston,State University of New York at Albany,University of Houston
34,Illinois Institute of Technology,Cornell University,Oregon Health and Science University,New Jersey Institute of Technology,University of Kansas,Georgia Institute of Technology,University of Kansas,Brandeis University,Oregon Health and Science University,New Jersey Institute of Technology,University of Louisiana at Lafayette,Cornell University,University of Kansas,North Dakota State University Main Campus,Texas A & M University,Stanford University
35,Northeastern University,Texas A & M University,University of California-Irvine,Rensselaer Polytechnic Institute,University of California-Los Angeles,Stanford University,Northwestern University,University of Utah,University of California-Irvine,Rensselaer Polytechnic Institute,Michigan State University,Columbia University In The City of New York,University of South Carolina Columbia,Arizona State University,University of Southern California,Rensselaer Polytechnic Institute
36,University of Louisiana at Lafayette,Northwestern University,Michigan State University,Case Western Reserve University,Case Western Reserve University,Oregon Health and Science University,Texas A & M University,City University of New York Grad. Center,Michigan State University,University of Michigan-Ann Arbor,University of Texas at Austin,Northwestern University,University of California-Los Angeles,University of California-Santa Barbara,University of Rochester,University of California-Santa Barbara
37,Massachusetts Institute of Technology,Stanford University,State University of New York at Albany,University of Michigan-Ann Arbor,Princeton University,University of Maryland College Park,Arizona State University,Northwestern University,State University of New York at Albany,Case Western Reserve University,University of Pittsburgh Pittsburgh Campus,University of Alabama at Birmingham,University of Maryland College Park,State University of New York at Buffalo,University of Arkansas Main Campus,Case Western Reserve University
38,ETH Zurich,Temple University,University of Iowa,Northwestern University,Texas A & M University,University of Minnesota-Twin Cities,University of California-Los Angeles,University of Minnesota-Twin Cities,University of Iowa,Northwestern University,State University of New York at Albany,New Jersey Institute of Technology,New Jersey Institute of Technology,Wright State University Main Campus,University of Pittsburgh Pittsburgh Campus,State University of New York at Buffalo
39,University of Pittsburgh Pittsburgh Campus,New Jersey Institute of Technology,University of Pittsburgh Pittsburgh Campus,Cornell University,University of California-Santa Barbara,University of California-Santa Cruz,University of Florida,Georgia Institute of Technology,University of Pittsburgh Pittsburgh Campus,Cornell University,Wright State University Main Campus,Case Western Reserve University,University of Texas at Dallas,Rensselaer Polytechnic Institute,University of South Carolina Columbia,Georgia Institute of Technology
40,Rutgers The State University of New Jersey New Brunswick Campus,Case Western Reserve University,Texas A & M University,University of Pittsburgh Pittsburgh Campus,Arizona State University,University of Nebraska - Lincoln,ETH Zurich,Case Western Reserve University,Texas A & M University,University of Washington,Texas A & M University,Stanford University,Princeton University,University of California-Berkeley,University of Texas at Dallas,University of Southern California
41,Texas A & M University,Rutgers The State University of New Jersey New Brunswick Campus,Wright State University Main Campus,State University of New York at Buffalo,University of Utah,Case Western Reserve University,Rutgers The State University of New Jersey New Brunswick Campus,University of California-Santa Cruz,Wright State University Main Campus,Georgia Institute of Technology,Massachusetts Institute of Technology,Temple University,University of Southern California,University of North Carolina at Charlotte,Wright State University Main Campus,University of Arizona
42,Wright State University Main Campus,Georgia Institute of Technology,Brandeis University,Georgia Institute of Technology,University of Southern California,New Jersey Institute of Technology,University of Southern California,North Dakota State University Main Campus,Brandeis University,University of Pittsburgh Pittsburgh Campus,University of Iowa,Georgia Institute of Technology,Universidade Federal do Amazonas,University of Texas at Dallas,ETH Zurich,University of California-Santa Cruz
43,University of Texas at Dallas,University of California-Berkeley,University of Texas at Dallas,Stanford University,ETH Zurich,Princeton University,University of Colorado at Boulder,Universidade Federal de Mato Grosso do Sul,University of Texas at Dallas,State University of New York at Buffalo,Rutgers The State University of New Jersey New Brunswick Campus,Rutgers The State University of New Jersey New Brunswick Campus,University of Pittsburgh Pittsburgh Campus,Stanford University,New Jersey Institute of Technology,North Dakota State University Main Campus
44,Brandeis University,State University of New York at Buffalo,University of Texas at Austin,University of Washington,University of Florida,North Dakota State University Main Campus,University of California-Santa Barbara,University of North Carolina at Charlotte,Massachusetts Institute of Technology,Stanford University,ETH Zurich,State University of New York at Buffalo,Wright State University Main Campus,University of Utah,University of Kansas,University of Pittsburgh Pittsburgh Campus
45,University of Pennsylvania,University of California-Santa Cruz,Massachusetts Institute of Technology,Temple University,University of California-Santa Cruz,University of Delaware,Princeton University,Stanford University,University of Texas at Austin,Temple University,University of Texas at Dallas,University of Pittsburgh Pittsburgh Campus,Massachusetts Institute of Technology,University of California-Santa Cruz,Massachusetts Institute of Technology,University of California-Berkeley
46,State University of New York at Albany,University of California-Santa Barbara,ETH Zurich,University of California-Santa Barbara,University of Nebraska - Lincoln,University of Colorado at Boulder,University of California-Santa Cruz,Rutgers The State University of New Jersey New Brunswick Campus,ETH Zurich,University of California-Santa Barbara,Oregon Health and Science University,University of California-Santa Barbara,ETH Zurich,Oregon Health and Science University,Rensselaer Polytechnic Institute,University of California-Irvine
47,Brown University,University of North Carolina at Charlotte,Universidade Federal do Amazonas,University of Houston,University of Pittsburgh Pittsburgh Campus,University of Pittsburgh Pittsburgh Campus,Brandeis University,University of Florida,Universidade Federal do Amazonas,University of Houston,Brandeis University,University of California-Santa Cruz,North Dakota State University Main Campus,University of Southern California,University of California-Riverside,University of Maryland College Park
48,Rensselaer Polytechnic Institute,University of California-Irvine,Rutgers The State University of New Jersey New Brunswick Campus,University of North Carolina at Charlotte,Massachusetts Institute of Technology,University of Florida,University of Utah,University of Nebraska - Lincoln,Rutgers The State University of New Jersey New Brunswick Campus,University of North Carolina at Charlotte,Princeton University,University of Houston,Rensselaer Polytechnic Institute,Indiana University at Bloomington,University of California-Santa Cruz,University of Texas at Dallas
49,University of Wisconsin-Madison,University of Pittsburgh Pittsburgh Campus,University of Pennsylvania,University of California-Santa Cruz,University of Pennsylvania,University of Pennsylvania,University of Pittsburgh Pittsburgh Campus,University of Southern California,University of Pennsylvania,University of California-Santa Cruz,Rensselaer Polytechnic Institute,University of North Carolina at Charlotte,University of Houston,University of Pittsburgh Pittsburgh Campus,Rutgers The State University of New Jersey New Brunswick Campus,University of Colorado at Boulder
50,University of Central Florida,University of Alabama at Birmingham,Rensselaer Polytechnic Institute,North Dakota State University Main Campus,Rutgers The State University of New Jersey New Brunswick Campus,University of Southern California,University of Pennsylvania,University of Pennsylvania,Rensselaer Polytechnic Institute,North Dakota State University Main Campus,University of Pennsylvania,University of Washington,University of California-Santa Cruz,University of Maryland College Park,University of Arizona,University of North Carolina at Charlotte
51,University of California-Santa Cruz,University of Maryland College Park,Princeton University,University of California-Berkeley,University of North Carolina at Charlotte,Indiana University at Bloomington,Massachusetts Institute of Technology,State University of New York at Stony Brook,Princeton University,University of California-Berkeley,Universidade Federal do Amazonas,University of California-Berkeley,University of California-Irvine,George Washington University,University of Texas at Austin,Rutgers The State University of New Jersey New Brunswick Campus
52,Oregon Health and Science University,University of Houston,New Jersey Institute of Technology,University of Texas at Dallas,University of Delaware,Rutgers The State University of New Jersey New Brunswick Campus,University of Nebraska - Lincoln,Indiana University at Bloomington,New Jersey Institute of Technology,University of Maryland College Park,Brown University,University of Maryland College Park,University of Florida,Princeton University,Princeton University,George Washington University
53,University of Iowa,University of Pennsylvania,University of California-Santa Cruz,University of Maryland College Park,New Jersey Institute of Technology,University of North Carolina at Chapel Hill,Oregon Health and Science University,University of Pittsburgh Pittsburgh Campus,University of California-Santa Cruz,University of Texas at Dallas,University of California-Santa Cruz,North Dakota State University Main Campus,University of Nebraska - Lincoln,University of Nebraska - Lincoln,University of Wisconsin-Madison,Wayne State University
54,Princeton University,University of Washington,University of South Carolina Columbia,Rutgers The State University of New Jersey New Brunswick Campus,Imperial College London,University of California-Los Angeles,North Dakota State University Main Campus,Arizona State University,University of South Carolina Columbia,Rutgers The State University of New Jersey New Brunswick Campus,New Jersey Institute of Technology,University of Pennsylvania,University of Utah,University of Alabama at Birmingham,University of Houston,Indiana University at Bloomington
55,New Jersey Institute of Technology,University of Arizona,University of Kansas,University of Pennsylvania,University of North Carolina at Chapel Hill,University of California-Santa Barbara,Imperial College London,University of Delaware,University of Kansas,University of Pennsylvania,Harvard University,University of Texas at Dallas,University of North Carolina at Charlotte,State University of New York at Stony Brook,Wayne State University,École Polytechnique ParisTech
56,Harvard University,University of Texas at Austin,Brown University,University of Colorado at Boulder,University of California-Irvine,George Washington University,State University of New York at Stony Brook,University of North Carolina at Chapel Hill,Brown University,University of Colorado at Boulder,University of Kansas,University of California-Riverside,University of California-Riverside,University of Florida,University of Central Florida,University of Utah
57,Universidade Federal do Amazonas,University of California-Riverside,University of Central Florida,University of California-Riverside,Oregon Health and Science University,State University of New York at Stony Brook,University of North Carolina at Chapel Hill,Tufts University,University of Central Florida,University of California-Riverside,University of Central Florida,University of California-Irvine,University of Pennsylvania,Massachusetts Institute of Technology,University of Florida,University of Central Florida
58,Ohio State University Main Campus,University of Central Florida,University of Arkansas Main Campus,University of Chicago,University of California-San Diego,Arizona State University,University of California-Irvine,University of Cambridge,University of Arkansas Main Campus,University of Chicago,University of Wisconsin-Madison,University of Texas at Austin,State University of New York at Stony Brook,University of California-Los Angeles,North Dakota State University Main Campus,University of California-Los Angeles
59,University of Florida,University of Texas at Dallas,University of Cincinnati Main Campus,University of Arizona,North Dakota State University Main Campus,Imperial College London,University of California-San Diego,Princeton University,University of Cincinnati Main Campus,University of Arizona,University of South Carolina Columbia,University of Chicago,Wayne State University,University of Colorado at Boulder,Universidade Federal do Amazonas,Brandeis University
60,Boston University,North Dakota State University Main Campus,Ohio State University Main Campus,University of California-Irvine,University of Colorado at Boulder,University of Washington,University of Delaware,Imperial College London,Ohio State University Main Campus,University of California-Irvine,Ohio State University Main Campus,University of Colorado at Boulder,Rutgers The State University of New Jersey New Brunswick Campus,University of Pennsylvania,University of Pennsylvania,University of Wisconsin-Madison
61,Temple University,University of Colorado at Boulder,University of Florida,City University of New York Grad. Center,State University of New York at Stony Brook,Massachusetts Institute of Technology,University of North Carolina at Charlotte,Universidade Estadual de Campinas,University of Wisconsin-Madison,Indiana University at Bloomington,Wayne State University,University of Arizona,Oregon Health and Science University,Wayne State University,University of Colorado at Boulder,Oregon Health and Science University
62,University of South Carolina Columbia,University of Oregon,University of Wisconsin-Madison,University of Central Florida,Rice University,Dartmouth College,University of California-Riverside,New Jersey Institute of Technology,University of Florida,City University of New York Grad. Center,University of Arkansas Main Campus,University of Oregon,University of North Carolina at Chapel Hill,University of California-Irvine,Brown University,Massachusetts Institute of Technology
63,University of Arizona,University of Kentucky,Wayne State University,Indiana University at Bloomington,Dartmouth College,ETH Zurich,University of Central Florida,University of Washington,Wayne State University,University of Central Florida,University of Florida,New Mexico State University Main Campus,University of Cincinnati Main Campus,North Carolina State University,Ohio State University Main Campus,University of Pennsylvania
64,Wayne State University,Massachusetts Institute of Technology,University of Washington,Universidade Federal do Ceará,University of California-Riverside,University of Cambridge,Johns Hopkins University,ETH Zurich,University of Washington,Universidade Federal do Ceará,University of Cincinnati Main Campus,Indiana University at Bloomington,University of California-San Diego,University of North Carolina at Chapel Hill,State University of New York at Stony Brook,State University of New York at Stony Brook
65,University of Kentucky,Tufts University,Johns Hopkins University,University of Oklahoma Norman Campus,University of Washington,City University of New York Grad. Center,University of Cambridge,University of Tennessee,Johns Hopkins University,George Washington University,Temple University,University of Central Florida,Indiana University at Bloomington,University of Delaware,École Polytechnique ParisTech,University of Alabama at Birmingham
66,University of Kansas,University of California-Los Angeles,Temple University,George Washington University,Indiana University at Bloomington,Universidade Federal de Mato Grosso do Sul,City University of New York Grad. Center,Rensselaer Polytechnic Institute,Harvard University,University of Oklahoma Norman Campus,Rice University,Tufts University,Ohio State University Main Campus,University of Cambridge,University of Nebraska - Lincoln,Tufts University
67,Rice University,Oregon State University,University of Arizona,Wayne State University,Brown University,Rensselaer Polytechnic Institute,New Jersey Institute of Technology,Massachusetts Institute of Technology,University of Arizona,Wayne State University,Boston University,Massachusetts Institute of Technology,University of Central Florida,ETH Zurich,University of North Carolina at Charlotte,University of Florida
68,University of California-San Diego,University of Wisconsin-Madison,Harvard University,University of Memphis,University of Cambridge,University of California-San Diego,Rice University,North Carolina State University,Temple University,University of Memphis,University of Arizona,Wayne State University,North Carolina State University,University of Oklahoma Norman Campus,Boston University,Temple University
69,Johns Hopkins University,Brown University,Rice University,University of Texas at Austin,Rensselaer Polytechnic Institute,University of California-Irvine,North Carolina State University,University of California-Santa Barbara,Rice University,Massachusetts Institute of Technology,University of Washington,University of Oklahoma Norman Campus,University of Delaware,Rutgers The State University of New Jersey New Brunswick Campus,University of Utah,University of Nebraska - Lincoln
70,University of Cincinnati Main Campus,City University of New York Grad. Center,North Dakota State University Main Campus,New Mexico State University Main Campus,Johns Hopkins University,Tufts University,University of Tennessee,University of Central Florida,University of Chicago,University of Texas at Austin,Johns Hopkins University,George Washington University,University of Colorado at Boulder,Tufts University,Brandeis University,University of Texas at Austin
71,University of Washington,George Washington University,University of Chicago,Massachusetts Institute of Technology,University of Wisconsin-Madison,California Institute of Technology,Rensselaer Polytechnic Institute,University of California-Los Angeles,North Dakota State University Main Campus,New Mexico State University Main Campus,University of Chicago,Brown University,University of California-Davis,Dartmouth College,University of California-San Diego,University of Oklahoma Norman Campus
72,University of Arkansas Main Campus,Washington University In St. Louis,Boston University,USP - São Carlos,California Institute of Technology,Iowa State University,Brown University,George Washington University,Boston University,Tufts University,University of California-San Diego,Universidade Federal do Ceará,Dartmouth College,Iowa State University,University of North Carolina at Chapel Hill,ETH Zurich
73,New York University,Indiana University at Bloomington,University of California-Davis,University of Delaware,University of Central Florida,Rice University,University of Washington,Johns Hopkins University,University of California-Davis,USP - São Carlos,University of Kentucky,Harvard University,University of Oxford,University of Oxford,Rice University,Princeton University
74,Penn State University,Wayne State University,University of California-San Diego,Universidade Federal de Uberlândia,Iowa State University,University of Houston,Indiana University at Bloomington,Wright State University Main Campus,University of California-San Diego,Universidade Federal de Uberlândia,University of California-Davis,University of Delaware,University of Texas at Austin,Universidade de Fortaleza,University of Oxford,North Carolina State University
75,Washington University In St. Louis,University of Chicago,University of Houston,Tufts University,George Washington University,Johns Hopkins University,Wright State University Main Campus,University of California-San Diego,University of Houston,University of Delaware,North Dakota State University Main Campus,University of California-Los Angeles,George Washington University,Brandeis University,University of Kentucky,Kent State University Main Campus
76,University of California-Davis,New Mexico State University Main Campus,University of Kentucky,New York University,University of California-Davis,Brown University,Tufts University,California Institute of Technology,University of Kentucky,New York University,University of Houston,Oregon State University,Rice University,University of Cincinnati Main Campus,North Carolina State University,University of Oregon
77,Yale University,University of Oklahoma Norman Campus,New York University,Universidade Estadual de Campinas,Tufts University,University of Central Florida,Wayne State University,University of California-Irvine,New York University,Universidade Estadual de Campinas,New York University,New York University,Imperial College London,University of Central Florida,University of California-Davis,University of California-Riverside
78,University of Houston,Harvard University,University of Delaware,State University of New York at Stony Brook,North Carolina State University,North Carolina State University,California Institute of Technology,Washington University In St. Louis,University of Colorado at Boulder,University of Oregon,University of Oxford,University of Kentucky,University of Cambridge,University of Washington,Temple University,Iowa State University
79,State University of New York at Stony Brook,North Carolina State University,University of Colorado at Boulder,University of Kentucky,University of Houston,University of Wisconsin-Madison,Dartmouth College,Dartmouth College,University of Delaware,State University of New York at Stony Brook,University of Delaware,Universidade Federal de Uberlândia,Iowa State University,University of Arizona,State University of New York at Binghamton,University of Kentucky
80,University of Delaware,New York University,State University of New York at Stony Brook,University of Oregon,Ohio State University Main Campus,University of California-Riverside,Washington University In St. Louis,Iowa State University,State University of New York at Stony Brook,University of Kentucky,State University of New York at Stony Brook,Washington University In St. Louis,Brown University,Ohio State University Main Campus,New York University,University of Oxford
81,North Carolina State University,University of Delaware,Penn State University,Johns Hopkins University,City University of New York Grad. Center,Universidade Estadual de Campinas,University of Wisconsin-Madison,Brown University,Penn State University,Brigham Young University,Washington University In St. Louis,North Carolina State University,University of Wisconsin-Madison,University of Oregon,Iowa State University,Brown University
82,University of Oxford,State University of New York at Stony Brook,University of North Carolina at Chapel Hill,Brigham Young University,University of Oxford,University of California-Davis,Iowa State University,Wayne State University,University of North Carolina at Chapel Hill,Johns Hopkins University,University of Colorado at Boulder,City University of New York Grad. Center,University of Oklahoma Norman Campus,University of California-San Diego,Indiana University at Bloomington,University of Cambridge
83,University of Chicago,University of Southern Mississippi,University of North Carolina at Charlotte,Brown University,Wright State University Main Campus,Wright State University Main Campus,Universidade Estadual de Campinas,Rice University,University of North Carolina at Charlotte,Brown University,Yale University,State University of New York at Stony Brook,University of Arizona,University of California-Riverside,University of Oklahoma Norman Campus,University of North Carolina at Chapel Hill
84,Oregon State University,Boston University,University of Oxford,North Carolina State University,University of Tennessee,University of Oxford,University of California-Davis,University of California-Riverside,University of Oxford,North Carolina State University,North Carolina State University,Iowa State University,University of Kentucky,University of Kentucky,Tufts University,University of Southern Mississippi
85,University of North Carolina at Charlotte,Iowa State University,North Carolina State University,University of Cambridge,Wayne State University,University of Tennessee,George Washington University,University of Houston,North Carolina State University,University of Cambridge,Penn State University,University of Memphis,University of Alabama at Birmingham,Kent State University Main Campus,Oregon Health and Science University,New York University
86,North Dakota State University Main Campus,Ohio State University Main Campus,University of Georgia,University of Florida,Harvard University,Ohio State University Main Campus,University of Virginia,Universidade de Fortaleza,University of Georgia,University of Florida,University of North Carolina at Charlotte,Brigham Young University,Brandeis University,Imperial College London,Harvard University,Ohio State University Main Campus
87,University of North Carolina at Chapel Hill,University of Florida,University of Alabama at Birmingham,Ohio State University Main Campus,Brandeis University,Brandeis University,University of North Texas,University of Memphis,University of Alabama at Birmingham,Ohio State University Main Campus,University of North Carolina at Chapel Hill,University of Southern Mississippi,University of Washington,Temple University,University of Cambridge,Universidade Federal do Ceará
88,University of Colorado at Boulder,Johns Hopkins University,University of Memphis,Universidade de Fortaleza,Universidade Estadual de Campinas,Wayne State University,University of Memphis,Florida Institute of Technology,University of Memphis,Universidade de Fortaleza,University of Georgia,University of Wisconsin-Madison,Tufts University,University of California-Davis,George Washington University,Pontifícia Universidade Católica do Rio de Janeiro
89,University of Georgia,Brigham Young University,Washington University In St. Louis,University of Cincinnati Main Campus,Boston University,University of Memphis,University of Oxford,University of North Texas,Washington University In St. Louis,University of Cincinnati Main Campus,Iowa State University,Johns Hopkins University,Penn State University,City University of New York Grad. Center,Washington University In St. Louis,Boston University
90,Iowa State University,University of Utah,Georgia State University,University of Wisconsin-Madison,University of Memphis,Florida Institute of Technology,University of Houston,University of Virginia,Georgia State University,Oregon State University,Oregon State University,University of Oxford,Temple University,Rice University,Imperial College London,State University of New York at Binghamton
91,Duke University,Kent State University Main Campus,University of Nebraska - Lincoln,Iowa State University,Washington University In St. Louis,Universidade Federal do Rio de Janeiro,University of Alabama,Washington State University,University of Nebraska - Lincoln,University of Wisconsin-Madison,University of Oklahoma Norman Campus,USP - São Carlos,California Institute of Technology,Universidade Estadual de Campinas,Kent State University Main Campus,Washington University In St. Louis
92,University of Nebraska - Lincoln,ETH Zurich,University of Oklahoma Norman Campus,University of California-Los Angeles,State University of New York at Binghamton,Harvard University,Florida Institute of Technology,University of Wisconsin-Madison,University of Oklahoma Norman Campus,Iowa State University,University of Nebraska - Lincoln,Ohio State University Main Campus,University of Oregon,University of Texas at Austin,Dartmouth College,University of Washington
93,Georgia State University,University of Oxford,Iowa State University,Washington University In St. Louis,New York University,University of Alabama,Washington State University,University of Alabama,Iowa State University,Washington University In St. Louis,Georgia State University,Princeton University,Boston University,University of Wisconsin-Madison,University of Oregon,City University of New York Grad. Center
94,University of Oklahoma Norman Campus,Duke University,University of North Texas,University of Utah,University of Alabama,Washington University In St. Louis,Ohio State University Main Campus,New Mexico State University Main Campus,University of Cambridge,University of California-Los Angeles,Duke University,Universidade Estadual de Campinas,State University of New York at Binghamton,Brown University,University of Delaware,Oregon State University
95,California Institute of Technology,Washington State University,Yale University,Oregon State University,Florida Institute of Technology,New York University,Universidade Federal de Mato Grosso do Sul,University of Oxford,University of North Texas,University of Utah,Dartmouth College,Kent State University Main Campus,Kent State University Main Campus,California Institute of Technology,Pontifícia Universidade Católica do Rio de Janeiro,Florida State University
96,University of North Texas,California Institute of Technology,University of Cambridge,Florida Institute of Technology,Universidade Federal de Mato Grosso do Sul,State University of New York at Binghamton,New York University,University of California-Davis,Yale University,Florida Institute of Technology,University of Memphis,University of Florida,New York University,Syracuse University Main Campus,Penn State University,University of Delaware
97,Tufts University,Mississippi State University,Oregon State University,Kent State University Main Campus,Universidade Federal do Rio de Janeiro,Boston University,New Mexico State University Main Campus,Universidade Federal do Rio de Janeiro,Oregon State University,Kent State University Main Campus,University of Alabama at Birmingham,University of Utah,University of Georgia,Brigham Young University,University of Washington,Rice University
98,Dartmouth College,University of Memphis,Dartmouth College,University of Southern Mississippi,Duke University,Duke University,Universidade Federal do Rio Grande do Sul,Universidade Federal do Rio Grande do Sul,Dartmouth College,University of Southern Mississippi,Tufts University,Florida Institute of Technology,Georgia State University,University of Southern Mississippi,University of Cincinnati Main Campus,New Mexico State University Main Campus
99,University of Utah,Florida Institute of Technology,University of Utah,University of Oxford,Oregon State University,Oregon State University,Universidade Federal do Rio de Janeiro,New York University,University of Utah,University of Oxford,University of Oregon,University of Cambridge,Washington University In St. Louis,State University of New York at Binghamton,Oregon State University,University of California-San Diego
100,University of Oregon,University of South Florida,University of Connecticut,Syracuse University Main Campus,Universidade Federal do Rio Grande do Sul,Universidade Federal do Rio Grande do Sul,Duke University,Syracuse University Main Campus,University of Connecticut,Harvard University,University of Cambridge,Boston University,Johns Hopkins University,New York University,Duke University,Dartmouth College
101,University of Connecticut,Universidade Estadual de Campinas,Duke University,Harvard University,Mississippi State University,University of South Florida,University of South Florida,University of South Florida,Duke University,Syracuse University Main Campus,University of Connecticut,University of Cincinnati Main Campus,Universidade Estadual de Campinas,Southern Methodist University,University of Alabama at Birmingham,Brigham Young University
102,University of Memphis,Yale University,École Polytechnique ParisTech,Princeton University,University of Georgia,University of North Texas,Universidade de Fortaleza,Ohio State University Main Campus,École Polytechnique ParisTech,Princeton University,École Polytechnique ParisTech,ETH Zurich,Brigham Young University,New Mexico State University Main Campus,University of Georgia,University of California-Davis
103,University of South Florida,University of North Carolina at Chapel Hill,Indiana University at Bloomington,ETH Zurich,Vanderbilt University,University of Arizona,University of Connecticut,Duke University,Indiana University at Bloomington,ETH Zurich,University of North Texas,École Polytechnique ParisTech,College of William and Mary,Boston University,Johns Hopkins University,Duke University
104,University of Cambridge,Syracuse University Main Campus,Tufts University,Pontifícia Universidade Católica do Rio de Janeiro,Texas Tech University,College of William and Mary,Syracuse University Main Campus,Brigham Young University,Tufts University,Pontifícia Universidade Católica do Rio de Janeiro,University of Utah,Duke University,University of Virginia,Universidade Federal do Rio Grande do Sul,Florida State University,Harvard University
105,University of Alabama at Birmingham,University of Georgia,California Institute of Technology,University of Nebraska - Lincoln,College of William and Mary,University of Chicago,Brigham Young University,University of Connecticut,California Institute of Technology,University of North Carolina at Chapel Hill,California Institute of Technology,University of Georgia,City University of New York Grad. Center,Washington University In St. Louis,California Institute of Technology,Washington State University
106,Imperial College London,Universidade Federal de Uberlândia,University of South Florida,University of North Carolina at Chapel Hill,Penn State University,Penn State University,Oregon State University,Oregon State University,University of South Florida,University of Nebraska - Lincoln,New Mexico State University Main Campus,Universidade de Fortaleza,Universidade Federal do Rio Grande do Sul,College of William and Mary,University of Virginia,Universidade de Fortaleza
107,Indiana University at Bloomington,Princeton University,New Mexico State University Main Campus,École Polytechnique ParisTech,University of Chicago,Texas Tech University,University of Texas at Austin,University of Texas at Austin,New Mexico State University Main Campus,École Polytechnique ParisTech,Indiana University at Bloomington,Mississippi State University,Syracuse University Main Campus,University of Georgia,University of North Texas,Syracuse University Main Campus
108,New Mexico State University Main Campus,Texas Tech University,Imperial College London,University of South Florida,University of Arizona,Vanderbilt University,Universidade do Vale do Rio dos Sinos,University of Kentucky,Imperial College London,University of South Florida,Imperial College London,Syracuse University Main Campus,New Mexico State University Main Campus,Penn State University,New Mexico State University Main Campus,Imperial College London
109,Texas Tech University,Florida State University,University of Oregon,University of Georgia,University of North Texas,University of Georgia,University of Kentucky,Mississippi State University,University of Oregon,University of Georgia,University of South Florida,University of Nebraska - Lincoln,University of Tennessee,Universidade Federal de Campina Grande,Yale University,California Institute of Technology
110,École Polytechnique ParisTech,Universidade Federal do Ceará,Pontifícia Universidade Católica do Rio de Janeiro,Boston University,University of South Florida,Mississippi State University,Mississippi State University,State University of New York at Binghamton,Pontifícia Universidade Católica do Rio de Janeiro,Boston University,Texas Tech University,Washington State University,Harvard University,Florida Institute of Technology,Georgia State University,USP - São Carlos
111,Florida State University,University of Nebraska - Lincoln,George Washington University,University of North Texas,Temple University,University of Alabama In Huntsville,State University of New York at Binghamton,University of Oklahoma Norman Campus,George Washington University,University of North Texas,Kent State University Main Campus,Yale University,Universidade de Fortaleza,Johns Hopkins University,Brigham Young University,Florida Institute of Technology
112,Kent State University Main Campus,USP - São Carlos,Kent State University Main Campus,Universidade Federal do Espírito Santo,Clemson University,Clemson University,University of Oklahoma Norman Campus,Clemson University,Kent State University Main Campus,Universidade Federal de São Carlos,George Washington University,University of North Carolina at Chapel Hill,Florida State University,Florida State University,Washington State University,Universidade Estadual de Campinas
113,University of Virginia,University of Cambridge,Florida State University,Universidade Federal de São Carlos,Brigham Young University,Brigham Young University,Clemson University,University of Oregon,Brigham Young University,Universidade Federal do Espírito Santo,Pontifícia Universidade Católica do Rio de Janeiro,Pontifícia Universidade Católica do Rio de Janeiro,Southern Methodist University,Georgia State University,City University of New York Grad. Center,University of Georgia
114,George Washington University,University of Cincinnati Main Campus,University of Virginia,Universidade Federal do Paraná,Kansas State University,Kansas State University,University of Oregon,University of Alabama In Huntsville,University of Virginia,Universidade Federal do Paraná,Brigham Young University,California Institute of Technology,Duke University,University of Virginia,University of Southern Mississippi,Auburn University
115,Brigham Young University,University of North Texas,Brigham Young University,Florida State University,University of Alabama In Huntsville,Temple University,University of Alabama In Huntsville,Universidade do Vale do Rio dos Sinos,Florida State University,Florida State University,Florida State University,Texas Tech University,University of North Texas,University of Tennessee,University of Connecticut,Southern Methodist University
116,Washington State University,Rice University,Clemson University,Washington State University,University of Virginia,University of Virginia,Temple University,University of Southern Mississippi,Clemson University,Washington State University,University of Virginia,Dartmouth College,Clemson University,Kansas State University,Florida Institute of Technology,Johns Hopkins University
117,University of Tennessee,Dartmouth College,University of Tennessee,Duke University,University of Alabama at Birmingham,University of Alabama at Birmingham,Kent State University Main Campus,Temple University,University of Tennessee,Dartmouth College,Florida Institute of Technology,University of South Florida,University of Chicago,Auburn University,Syracuse University Main Campus,University of Virginia
118,Pontifícia Universidade Católica do Rio de Janeiro,Universidade de Fortaleza,Texas Tech University,Dartmouth College,Georgia State University,Georgia State University,Auburn University,Auburn University,Florida Institute of Technology,Duke University,Washington State University,Kansas State University,University of Southern Mississippi,Duke University,Southern Methodist University,University of Cincinnati Main Campus
119,Florida Institute of Technology,École Polytechnique ParisTech,Florida Institute of Technology,California Institute of Technology,Western Michigan University,Western Michigan University,University of Alabama at Birmingham,University of Alabama at Birmingham,Texas Tech University,California Institute of Technology,Clemson University,Universidade Federal de São Carlos,Florida Institute of Technology,Universidade Federal de Pernambuco,University of South Florida,University of North Texas
120,Mississippi State University,Kansas State University,City University of New York Grad. Center,Universidade Federal de Campina Grande,Syracuse University Main Campus,Syracuse University Main Campus,Western Michigan University,Western Michigan University,City University of New York Grad. Center,Universidade Federal de Campina Grande,University of Tennessee,Universidade Federal do Paraná,Yale University,Clemson University,Universidade Estadual de Campinas,Kansas State University
121,City University of New York Grad. Center,University of California-San Diego,Universidade Estadual de Campinas,Rice University,New Mexico State University Main Campus,New Mexico State University Main Campus,Southern Methodist University,Southern Methodist University,Universidade Estadual de Campinas,Rice University,Mississippi State University,Rice University,University of South Florida,University of North Texas,Auburn University,Mississippi State University
122,Vanderbilt University,Pontifícia Universidade Católica do Rio de Janeiro,Washington State University,Oklahoma State University Main Campus,Universidade Federal de Pernambuco,Universidade Federal do Rio Grande de Norte,University of Southern Mississippi,University of Arizona,Washington State University,Oklahoma State University Main Campus,Vanderbilt University,University of North Texas,Oregon State University,University of Chicago,College of William and Mary,Yale University
123,Clemson University,Universidade Federal do Paraná,Vanderbilt University,Pontifícia Universidade Católica do Rio Grande do Sul,University of New Mexico Main Campus,University of New Mexico Main Campus,University of Arizona,College of William and Mary,Vanderbilt University,Pontifícia Universidade Católica do Rio Grande do Sul,Universidade Estadual de Campinas,Florida State University,University of Connecticut,University of South Florida,Texas Tech University,Penn State University
124,College of William and Mary,University of California-Davis,College of William and Mary,Kansas State University,Kent State University Main Campus,Kent State University Main Campus,College of William and Mary,Texas Tech University,College of William and Mary,Kansas State University,City University of New York Grad. Center,Universidade Federal do Espírito Santo,Auburn University,Harvard University,USP - São Carlos,Universidade Federal Fluminense
125,Universidade Estadual de Campinas,Oklahoma State University Main Campus,USP - São Carlos,Mississippi State University,Universidade Federal do Rio Grande de Norte,University of Texas at Austin,Penn State University,Penn State University,USP - São Carlos,Mississippi State University,College of William and Mary,University of California-Davis,Kansas State University,Oregon State University,University of Tennessee,University of South Florida
126,University of New Mexico Main Campus,Vanderbilt University,Syracuse University Main Campus,University of California-Davis,University of Texas at Austin,Universidade do Vale do Rio dos Sinos,Texas Tech University,University of Georgia,Syracuse University Main Campus,University of California-Davis,University of New Mexico Main Campus,University of California-San Diego,Universidade Federal de Pernambuco,Universidade Federal de Mato Grosso do Sul,Vanderbilt University,University of Alabama In Huntsville
127,Syracuse University Main Campus,University of New Mexico Main Campus,Mississippi State University,Yale University,Universidade do Vale do Rio dos Sinos,Universidade de Fortaleza,University of New Mexico Main Campus,University of New Mexico Main Campus,Mississippi State University,Yale University,Syracuse University Main Campus,Universidade Federal de Campina Grande,Universidade Federal de Campina Grande,Yale University,Mississippi State University,Pontifícia Universidade Católica do Rio Grande do Sul
128,University of Alabama,Western Michigan University,Universidade Federal do Rio Grande do Sul,Texas Tech University,Universidade de Fortaleza,Universidade Federal de Campina Grande,Kansas State University,Kansas State University,Universidade Federal do Rio Grande do Sul,Texas Tech University,USP - São Carlos,Universidade Federal Fluminense,Universidade Federal do Rio de Janeiro,University of Connecticut,Universidade Federal do Ceará,Vanderbilt University
129,University of Southern Mississippi,Universidade Federal de São Carlos,University of Alabama,Universidade de Brasília,Universidade Federal de Campina Grande,Universidade Federal da Bahia,Universidade Federal do Rio Grande de Norte,Kent State University Main Campus,University of Alabama,University of Alabama In Huntsville,Universidade Federal do Rio Grande do Sul,Vanderbilt University,University of Memphis,Universidade Federal Fluminense,University of Alabama,Texas Tech University
130,USP - São Carlos,Universidade Federal do Espírito Santo,University of New Mexico Main Campus,University of Alabama In Huntsville,Universidade Federal da Bahia,Washington State University,Universidade Federal de Pernambuco,Universidade Federal do Rio Grande de Norte,University of New Mexico Main Campus,Universidade de Brasília,University of Alabama,University of New Mexico Main Campus,University of Alabama,Universidade Federal do Rio de Janeiro,Universidade Federal do Rio Grande do Sul,Georgia State University
131,Southern Methodist University,Georgia State University,Southern Methodist University,Georgia State University,Washington State University,University of Kentucky,Universidade Federal de Santa Catarina,Universidade Federal de Pernambuco,Southern Methodist University,University of California-San Diego,University of Southern Mississippi,Georgia State University,Universidade Federal Fluminense,University of Alabama,Clemson University,College of William and Mary
132,Universidade Federal do Rio Grande do Sul,Southern Methodist University,University of Southern Mississippi,University of California-San Diego,University of Kentucky,Florida State University,Yale University,Universidade Federal de Santa Catarina,University of Southern Mississippi,Georgia State University,Kansas State University,University of Alabama In Huntsville,Universidade Federal de Mato Grosso do Sul,University of Memphis,University of New Mexico Main Campus,University of New Mexico Main Campus
133,Kansas State University,Universidade Federal Fluminense,Oklahoma State University Main Campus,Universidade Federal Fluminense,Florida State University,Universidade Federal de Pernambuco,Georgia State University,Yale University,Oklahoma State University Main Campus,Universidade Federal Fluminense,Southern Methodist University,Universidade de Brasília,Universidade Federal de Santa Catarina,Texas Tech University,Kansas State University,Universidade Federal do Rio Grande do Sul
134,Auburn University,University of Connecticut,Kansas State University,Pontifícia Universidade Católica do Paraná,Oklahoma State University Main Campus,Oklahoma State University Main Campus,Vanderbilt University,Georgia State University,Kansas State University,Pontifícia Universidade Católica do Paraná,Auburn University,Southern Methodist University,Universidade Federal do Rio Grande de Norte,Mississippi State University,Universidade de Fortaleza,University of Connecticut
135,Oklahoma State University Main Campus,University of Alabama In Huntsville,University of Alabama In Huntsville,Southern Methodist University,Universidade Federal de Santa Catarina,Universidade Federal de Santa Catarina,Universidade Federal da Bahia,Vanderbilt University,University of Alabama In Huntsville,Vanderbilt University,University of Alabama In Huntsville,University of Connecticut,Washington State University,Vanderbilt University,University of Chicago,Universidade Federal de Campina Grande
136,University of Alabama In Huntsville,Auburn University,Auburn University,Vanderbilt University,Universidade Federal Fluminense,Universidade Federal Fluminense,University of Georgia,Universidade Federal da Bahia,Auburn University,Southern Methodist University,Oklahoma State University Main Campus,Oklahoma State University Main Campus,Oklahoma State University Main Campus,University of Alabama In Huntsville,University of Memphis,University of Tennessee
137,Western Michigan University,University of Tennessee,Pontifícia Universidade Católica do Rio Grande do Sul,Universidade Federal do Rio Grande do Sul,University of Oklahoma Norman Campus,University of Oklahoma Norman Campus,Boston University,Boston University,Pontifícia Universidade Católica do Rio Grande do Sul,Western Michigan University,Universidade Federal de Pernambuco,Pontifícia Universidade Católica do Rio Grande do Sul,Universidade Federal da Bahia,Western Michigan University,University of Alabama In Huntsville,Universidade Federal do Paraná
138,Universidade Federal do Rio de Janeiro,University of Virginia,Universidade Federal de São Carlos,Western Michigan University,University of Southern Mississippi,University of Southern Mississippi,Universidade Federal Fluminense,Universidade Federal Fluminense,Universidade Federal de São Carlos,Universidade Federal do Rio Grande do Sul,Universidade Federal de São Carlos,Universidade Federal de Pernambuco,Vanderbilt University,Universidade do Vale do Rio dos Sinos,Pontifícia Universidade Católica do Rio Grande do Sul,University of Alabama
139,Universidade Federal de Pernambuco,Penn State University,Universidade Federal do Ceará,Clemson University,Southern Methodist University,Southern Methodist University,Harvard University,Harvard University,Universidade Federal do Ceará,Clemson University,Universidade Federal do Ceará,Pontifícia Universidade Católica do Paraná,Universidade do Vale do Rio dos Sinos,Universidade Federal de Santa Catarina,Universidade Federal Fluminense,Clemson University
140,Universidade Federal do Paraná,Imperial College London,Universidade Federal de Pernambuco,Universidade Federal de Pernambuco,Auburn University,Auburn University,Oklahoma State University Main Campus,Oklahoma State University Main Campus,Universidade Federal de Pernambuco,Universidade Federal de Pernambuco,Pontifícia Universidade Católica do Rio Grande do Sul,Universidade Federal do Rio Grande do Sul,Western Michigan University,Universidade Federal da Bahia,Universidade Federal de Pernambuco,Universidade Federal de Pernambuco
141,Universidade Federal de São Carlos,Universidade Federal de Campina Grande,Universidade Federal do Paraná,University of Connecticut,University of Oregon,University of Oregon,Florida State University,Florida State University,Universidade Federal do Paraná,University of Connecticut,Universidade Federal do Rio de Janeiro,Clemson University,University of Alabama In Huntsville,Oklahoma State University Main Campus,Oklahoma State University Main Campus,Western Michigan University
142,Universidade de Fortaleza,Pontifícia Universidade Católica do Paraná,Universidade de Fortaleza,University of Tennessee,University of Connecticut,University of Connecticut,University of Chicago,University of Chicago,Universidade de Fortaleza,University of Tennessee,Universidade Federal do Paraná,Western Michigan University,Mississippi State University,Washington State University,Universidade Federal do Paraná,Oklahoma State University Main Campus
143,Universidade Federal do Ceará,University of Alabama,Universidade Federal do Rio de Janeiro,Auburn University,Yale University,Yale University,Universidade Federal de Campina Grande,Universidade Federal de Campina Grande,Universidade Federal do Rio de Janeiro,Auburn University,Universidade de Fortaleza,University of Tennessee,Texas Tech University,Universidade Federal do Rio Grande de Norte,Universidade Federal de Campina Grande,University of Memphis
144,Pontifícia Universidade Católica do Rio Grande do Sul,College of William and Mary,Universidade Federal do Espírito Santo,University of Virginia,University of Cincinnati Main Campus,University of Cincinnati Main Campus,University of Cincinnati Main Campus,University of Cincinnati Main Campus,Universidade Federal do Espírito Santo,University of Virginia,Universidade Federal de Uberlândia,Imperial College London,University of New Mexico Main Campus,University of New Mexico Main Campus,Western Michigan University,University of Chicago
145,Universidade Federal Fluminense,Universidade Federal de Pernambuco,Western Michigan University,University of New Mexico Main Campus,\xc3\x89cole Polytechnique ParisTech,\xc3\x89cole Polytechnique ParisTech,Pontif\xc3\xadcia Universidade Cat\xc3\xb3lica do Rio de Janeiro,Pontif\xc3\xadcia Universidade Cat\xc3\xb3lica do Rio de Janeiro,Western Michigan University,University of New Mexico Main Campus,Western Michigan University,Auburn University,ﺃ┬cole Polytechnique ParisTech,ﺃ┬cole Polytechnique ParisTech,Universidade Federal do Rio de Janeiro,Universidade de Brasília
146,Universidade Federal do Espírito Santo,Universidade Federal do Rio Grande do Sul,Universidade Federal de Uberlândia,Universidade do Vale do Rio dos Sinos,Pontif\xc3\xadcia Universidade Cat\xc3\xb3lica do Rio de Janeiro,Pontif\xc3\xadcia Universidade Cat\xc3\xb3lica do Rio de Janeiro,\xc3\x89cole Polytechnique ParisTech,\xc3\x89cole Polytechnique ParisTech,Universidade Federal de Uberlândia,Universidade do Vale do Rio dos Sinos,Universidade Federal do Espírito Santo,University of Virginia,USP - Sﺃ£o Carlos,USP - Sﺃ£o Carlos,Universidade Federal de São Carlos,Universidade Federal de São Carlos
147,Universidade Federal de Uberlândia,Clemson University,Universidade Federal de Campina Grande,Imperial College London,Universidade Federal do Cear\xc3\xa1,Universidade Federal do Cear\xc3\xa1,USP - S\xc3\xa3o Carlos,USP - S\xc3\xa3o Carlos,Universidade Federal de Campina Grande,Imperial College London,Universidade Federal Fluminense,Penn State University,Pontifﺃﺝcia Universidade Catﺃ٣lica do Rio de Janeiro,Pontifﺃﺝcia Universidade Catﺃ٣lica do Rio de Janeiro,Universidade de Brasília,Universidade do Vale do Rio dos Sinos
148,Universidade Federal de Campina Grande,Pontifícia Universidade Católica do Rio Grande do Sul,Universidade Federal Fluminense,Penn State University,USP - S\xc3\xa3o Carlos,USP - S\xc3\xa3o Carlos,Universidade Federal do Cear\xc3\xa1,Universidade Federal do Cear\xc3\xa1,Universidade Federal Fluminense,Penn State University,Universidade Federal de Campina Grande,College of William and Mary,Universidade Federal do Cearﺃ­,Universidade Federal do Cearﺃ­,Universidade do Vale do Rio dos Sinos,Universidade Federal de Mato Grosso do Sul
149,Pontifícia Universidade Católica do Paraná,Universidade de Brasília,Universidade de Brasília,University of Alabama,Universidade de Bras\xc3\xadlia,Universidade de Bras\xc3\xadlia,Universidade de Bras\xc3\xadlia,Universidade de Bras\xc3\xadlia,Universidade de Brasília,University of Alabama,Universidade de Brasília,Universidade do Vale do Rio dos Sinos,Pontifﺃﺝcia Universidade Catﺃ٣lica do Rio Grande do Sul,Pontifﺃﺝcia Universidade Catﺃ٣lica do Rio Grande do Sul,Universidade de São Paulo,Universidade Federal do Rio de Janeiro
150,Universidade de Brasília,Universidade Federal do Rio de Janeiro,Pontifícia Universidade Católica do Paraná,College of William and Mary,Universidade Federal de Uberl\xc3\xa2ndia,Universidade Federal de Uberl\xc3\xa2ndia,Universidade Federal de Uberl\xc3\xa2ndia,Universidade Federal de Uberl\xc3\xa2ndia,Pontifícia Universidade Católica do Paraná,College of William and Mary,Pontifícia Universidade Católica do Paraná,University of Alabama,Universidade Federal do Paranﺃ­,Universidade Federal do Paranﺃ­,Universidade Federal da Bahia,Universidade Federal da Bahia
151,Universidade de São Paulo,Universidade de São Paulo,Universidade Federal do Rio Grande de Norte,Universidade de São Paulo,Pontif\xc3\xadcia Universidade Cat\xc3\xb3lica do Rio Grande do Sul,Pontif\xc3\xadcia Universidade Cat\xc3\xb3lica do Rio Grande do Sul,Pontif\xc3\xadcia Universidade Cat\xc3\xb3lica do Rio Grande do Sul,Pontif\xc3\xadcia Universidade Cat\xc3\xb3lica do Rio Grande do Sul,Universidade Federal do Rio Grande de Norte,Universidade de São Paulo,Universidade de São Paulo,Universidade de São Paulo,Universidade Federal de Sﺃ£o Carlos,Universidade Federal de Sﺃ£o Carlos,Universidade Federal de Uberlândia,Universidade Federal de Uberlândia
152,Universidade Federal do Rio Grande de Norte,Universidade do Vale do Rio dos Sinos,Universidade de São Paulo,Universidade Federal do Rio Grande de Norte,Universidade de S\xc3\xa3o Paulo,Universidade de S\xc3\xa3o Paulo,Universidade Federal do Esp\xc3\xadrito Santo,Universidade Federal do Esp\xc3\xadrito Santo,Universidade de São Paulo,Universidade Federal do Rio Grande de Norte,Universidade Federal do Rio Grande de Norte,Universidade Federal do Rio de Janeiro,Universidade de Brasﺃﺝlia,Universidade de Brasﺃﺝlia,Universidade Federal do Espírito Santo,Universidade de São Paulo
153,Universidade do Vale do Rio dos Sinos,Universidade Federal de Mato Grosso do Sul,Universidade do Vale do Rio dos Sinos,Universidade Federal do Rio de Janeiro,Universidade Federal do Esp\xc3\xadrito Santo,Universidade Federal do Esp\xc3\xadrito Santo,Universidade Federal de S\xc3\xa3o Carlos,Universidade Federal de S\xc3\xa3o Carlos,Universidade do Vale do Rio dos Sinos,Universidade Federal do Rio de Janeiro,Universidade do Vale do Rio dos Sinos,Universidade Federal de Mato Grosso do Sul,Universidade Federal de Uberlﺃﺂndia,Universidade Federal de Uberlﺃﺂndia,Universidade Federal de Santa Catarina,Universidade Federal de Santa Catarina
154,Universidade Federal de Santa Catarina,Universidade Federal do Rio Grande de Norte,Universidade Federal de Santa Catarina,Universidade Federal de Mato Grosso do Sul,Pontif\xc3\xadcia Universidade Cat\xc3\xb3lica do Paran\xc3\xa1,Pontif\xc3\xadcia Universidade Cat\xc3\xb3lica do Paran\xc3\xa1,Universidade Federal do Paran\xc3\xa1,Universidade Federal do Paran\xc3\xa1,Universidade Federal de Santa Catarina,Universidade Federal de Mato Grosso do Sul,Universidade Federal de Santa Catarina,Universidade Federal do Rio Grande de Norte,Universidade Federal do Espﺃﺝrito Santo,Universidade Federal do Espﺃﺝrito Santo,Universidade Federal de Mato Grosso do Sul,Universidade Federal do Espírito Santo
155,Universidade Federal da Bahia,Universidade Federal de Santa Catarina,Universidade Federal de Mato Grosso do Sul,Universidade Federal de Santa Catarina,Universidade Federal do Paran\xc3\xa1,Universidade Federal do Paran\xc3\xa1,Pontif\xc3\xadcia Universidade Cat\xc3\xb3lica do Paran\xc3\xa1,Pontif\xc3\xadcia Universidade Cat\xc3\xb3lica do Paran\xc3\xa1,Universidade Federal de Mato Grosso do Sul,Universidade Federal de Santa Catarina,Universidade Federal de Mato Grosso do Sul,Universidade Federal de Santa Catarina,Universidade de Sﺃ£o Paulo,Universidade de Sﺃ£o Paulo,Pontifícia Universidade Católica do Paraná,Pontifícia Universidade Católica do Paraná
156,Universidade Federal de Mato Grosso do Sul,Universidade Federal da Bahia,Universidade Federal da Bahia,Universidade Federal da Bahia,Universidade Federal de S\xc3\xa3o Carlos,Universidade Federal de S\xc3\xa3o Carlos,Universidade de S\xc3\xa3o Paulo,Universidade de S\xc3\xa3o Paulo,Universidade Federal da Bahia,Universidade Federal da Bahia,Universidade Federal da Bahia,Universidade Federal da Bahia,Pontifﺃﺝcia Universidade Catﺃ٣lica do Paranﺃ­,Pontifﺃﺝcia Universidade Catﺃ٣lica do Paranﺃ­,Universidade Federal do Rio Grande de Norte,Universidade Federal do Rio Grande de Norte
